ImageId,PredictionString
ID_18fb86d04,
ID_ce06d4dc1,
ID_afe07078f,
ID_37caf75aa,
ID_7655363ca,
ID_ecb7edbb8,
ID_e3b680bf6,
ID_c51c8de2b,
ID_bbe2505b7,
ID_b2f337d86,
ID_99bc4d11b,
ID_9bd02b06b,
ID_3eb110281,
ID_223276b96,
ID_1f8605bdc,
ID_089d5b041,
ID_b4fc9fa2c,
ID_0a2bb53de,
ID_58921d231,
ID_f89d8e6cd,
ID_9f9c04c6f,
ID_0591a0910,
ID_1a96a868e,
ID_f164fabf2,
ID_2749c3f78,
ID_1a5257d65,
ID_e88770830,
ID_5eb629235,
ID_3dc4de7a4,
ID_298d74636,
ID_521f0b21f,
ID_f83fe5925,
ID_818a14ac7,
ID_124673c47,
ID_35e87c9c8,
ID_fe4a3f32a,
ID_b4803dad5,
ID_8edf7f1e2,
ID_32f8110e0,
ID_c441a81c5,
ID_6f1cbf7b8,
ID_5b0b480bb,
ID_2710bd411,
ID_e9e080023,
ID_04ea999fc,
ID_5510e0e03,
ID_d4d060b51,
ID_c8a27d85f,
ID_7ce563e3a,
ID_b4bf2f347,
ID_dc7d38630,
ID_5428a3a8f,
ID_beb50a6f0,
ID_910d907cc,
ID_7973af9f9,
ID_f765cad92,
ID_ea4983b8e,
ID_e3a9cccfb,
ID_fd8ff86ab,
ID_822983735,
ID_70a367b7e,
ID_8ddd4a836,
ID_69183a385,
ID_8d2791fc9,
ID_84f2f637e,
ID_6188e27be,
ID_dc5878537,
ID_5d0c7468e,
ID_f4161f129,
ID_bbf2e7374,
ID_efdc95f06,
ID_cf4f677c7,
ID_27a33218b,
ID_81d82a824,
ID_9f8495aa0,
ID_a9a8c1292,
ID_1411dc012,
ID_b60f5638c,
ID_237729793,
ID_73b210da5,
ID_c6628179f,
ID_f188d7b12,
ID_35ff1963d,
ID_9a18f5678,
ID_db699f0ba,
ID_fcfc2f0e3,
ID_66e5f439a,
ID_145aff094,
ID_5f80c94a6,
ID_b0dd0220a,
ID_ed6b208cd,
ID_92244eb19,
ID_e825cd6ba,
ID_984c81491,
ID_886b3e1ee,
ID_95e5e13ae,
ID_aa7aa518e,
ID_5ef969c1f,
ID_db9cc3657,
ID_826d8a694,
ID_b61a1ab3a,
ID_9f4b166b8,
ID_b11a8e209,
ID_f72f7d1e9,
ID_cf563dbb0,
ID_c0656f73a,
ID_e53e450e9,
ID_74c5f2bdc,
ID_f6a5de7f1,
ID_d5b13d65d,
ID_019cd6743,
ID_09b7b1a98,
ID_2c0dadb64,
ID_d4cd0361c,
ID_2a810d9a7,
ID_0a3e142a7,
ID_42df17b79,
ID_e279a3c10,
ID_78690fd76,
ID_33a36e21d,
ID_24bcc8de2,
ID_3e9c0ac2f,
ID_f26b8472b,
ID_dacce4def,
ID_2b4cfdbc4,
ID_7be5991ca,
ID_0888e09d3,
ID_1603c6cc4,
ID_90ea92df3,
ID_d1413be4a,
ID_24ed98747,
ID_4c0e723ec,
ID_e8bf45726,
ID_23dc481eb,
ID_ea79fa490,
ID_45fd58e48,
ID_6593ce0ac,
ID_ed0b68886,
ID_924880548,
ID_0b8753e02,
ID_8b9d7243b,
ID_50d3e88af,
ID_d2dcc5065,
ID_e9d12edc6,
ID_97d43efa9,
ID_b335275ca,
ID_cc956973a,
ID_f26b13561,
ID_39e67f4ff,
ID_51633cf8f,
ID_a46fad5ba,
ID_0e81a53c1,
ID_ea5112ecf,
ID_6914f6837,
ID_b2a76b66a,
ID_0c5ee89cb,
ID_afffa55de,
ID_4c1863a6b,
ID_2b1461f10,
ID_7579cd29a,
ID_fa3eef16b,
ID_83e6e50f3,
ID_7ef514cb1,
ID_6f729080f,
ID_549732ad6,
ID_8189a0156,
ID_6d098be3d,
ID_00b9164fe,
ID_becc5964d,
ID_5cbdcfeee,
ID_5f3cb2545,
ID_20a0d9759,
ID_17a78e1f6,
ID_fd60918bf,
ID_37794da18,
ID_805c420a9,
ID_f7d5399a4,
ID_68d42f412,
ID_978bfe0fd,
ID_d644bfc7a,
ID_f3a42616c,
ID_18f157bbb,
ID_6ceb5fdee,
ID_ffb1fcf1d,
ID_932b8ac47,
ID_fae5de180,
ID_9914e3ea5,
ID_62560b6b2,
ID_91c3a9f2d,
ID_73d2347a0,
ID_4735640fd,
ID_a29b26503,
ID_1e24e3022,
ID_186688368,
ID_6b27966c4,
ID_52ecb3f3a,
ID_6edab2617,
ID_d17f58f89,
ID_a6a685bad,
ID_ff0788cdc,
ID_3155084f7,
ID_c3b39da7a,
ID_6ed8be04f,
ID_4b00e0d74,
ID_60efbcef1,
ID_45b4acb53,
ID_301ebfbd6,
ID_4f68b7443,
ID_2e6d4fa9d,
ID_d4661c8ed,
ID_1bd5604f9,
ID_7d8356210,
ID_5f6426df4,
ID_e7951fa53,
ID_2c2f4c9a0,
ID_b11d64380,
ID_6802bfe19,
ID_b44d85647,
ID_599de342b,
ID_ec0908f54,
ID_14eb5703a,
ID_a2e22ac0a,
ID_26270aeb0,
ID_0b595ee86,
ID_a62f8d248,
ID_f216e9cb5,
ID_137eceb83,
ID_17710afd0,
ID_394f3c0cc,
ID_571eb567e,
ID_c09ebcb17,
ID_2b095cd49,
ID_3a5b30d30,
ID_2646fa276,
ID_a78c959d7,
ID_db49cdd10,
ID_4e2857477,
ID_3eedd48c0,
ID_a7595b10b,
ID_65dda0d1d,
ID_e1236c056,
ID_f1e596c2b,
ID_cee9e8dd6,
ID_d6ff739f1,
ID_f3a6b5e90,
ID_6cf4cf596,
ID_6c14e293e,
ID_030db1c08,
ID_b118eb483,
ID_274b09893,
ID_16976e01a,
ID_484504b9f,
ID_c29c60a1a,
ID_4b3aa06a2,
ID_f3d0cc3db,
ID_13a4303ea,
ID_467295518,
ID_cf880e774,
ID_60ef935cb,
ID_1c07711ea,
ID_e0765c74e,
ID_ab0d2a399,
ID_b52db1945,
ID_e4d6667a7,
ID_a49a21d63,
ID_b81e67615,
ID_1690c6a35,
ID_504def614,
ID_c98cd8c24,
ID_7a8559f7b,
ID_ae909efbc,
ID_9efcf56c9,
ID_6169070c2,
ID_8d7ca0e11,
ID_2f01d362b,
ID_3ca31e2a9,
ID_1cab8201d,
ID_9eb7569bc,
ID_a8fb00411,
ID_d02318726,
ID_a708704aa,
ID_7ec5fb5ec,
ID_5acc39303,
ID_44a4db161,
ID_5f0fb407d,
ID_1dbcbd963,
ID_35e9d1406,
ID_308213cb9,
ID_f0281c7d6,
ID_da2cf4deb,
ID_93546548b,
ID_23495df5e,
ID_f28511482,
ID_a4baae637,
ID_3da1329cf,
ID_f64d7f339,
ID_c5d73e929,
ID_54af2f112,
ID_a400415f3,
ID_b8d081edc,
ID_50d34c252,
ID_108c40f15,
ID_6635673d8,
ID_d70908cfa,
ID_93f13df40,
ID_ed7816b87,
ID_5fdb85efe,
ID_c28020293,
ID_3a8d44bb4,
ID_acbb322b7,
ID_b6434369f,
ID_ea90865e4,
ID_cb62e4df4,
ID_fa77e5629,
ID_5024b27f8,
ID_905dec508,
ID_05d8725ff,
ID_3491d8cb8,
ID_310b9f145,
ID_372e7f8a5,
ID_fc4b152c8,
ID_e84cfcf44,
ID_442dce647,
ID_3da3b89d9,
ID_5a528a912,
ID_d0d682426,
ID_15b8861d0,
ID_0d0958772,
ID_670403f64,
ID_f52dc6773,
ID_01eb39016,
ID_4260ee01a,
ID_115fe8655,
ID_ea178a5fb,
ID_297d09e3c,
ID_0f27bdaaf,
ID_0b75603a0,
ID_10b9b9178,
ID_f2a715865,
ID_1fc5c222d,
ID_ba70f3e07,
ID_7d26afb34,
ID_e4ff802b0,
ID_b53d3cf97,
ID_b2d1b80e3,
ID_805a85399,
ID_24cc4e2d2,
ID_210a8da32,
ID_5490bf3da,
ID_66d32f422,
ID_3353e4a3c,
ID_0dca1bc51,
ID_6fd8825d9,
ID_387f14ca9,
ID_bcadc06b8,
ID_1fc89efe8,
ID_d1451b15e,
ID_0f964522e,
ID_d0d4b7809,
ID_d21d90226,
ID_09cf1767d,
ID_0c3b1786e,
ID_98f0679da,
ID_ab9952233,
ID_e2e19d69e,
ID_dc4fa6c93,
ID_2bb252857,
ID_bb3be1d26,
ID_53890b16c,
ID_c1ef71025,
ID_8c56f7995,
ID_e1cef45df,
ID_c5b042467,
ID_d43b625bf,
ID_9cd3e54a1,
ID_caa0d1bbc,
ID_c495d6499,
ID_1efbe5875,
ID_9712c5232,
ID_2e862f8ef,
ID_ccc2e41e4,
ID_2280da081,
ID_d7d67a1e7,
ID_99a42f367,
ID_8ce2b0c7d,
ID_d1ccf8c08,
ID_062b90755,
ID_0eeb9f023,
ID_8937729f6,
ID_7052916e0,
ID_b48abb551,
ID_d5018a235,
ID_002c9d7ed,
ID_11b267922,
ID_3587f95df,
ID_4cf2751ed,
ID_fe4409f68,
ID_1727565bc,
ID_e48be1746,
ID_aa2e8d1d2,
ID_8273d900f,
ID_39552ffff,
ID_831c431da,
ID_307cfdacd,
ID_70e2ff5cb,
ID_a6c26004a,
ID_d1f008262,
ID_b7901101f,
ID_d52576958,
ID_08b7d6f4a,
ID_efbecb92b,
ID_c53766f57,
ID_76d67bc10,
ID_11e7a4fb1,
ID_46e317be2,
ID_6f477bd3b,
ID_efcfaeeb5,
ID_fde5a5e2d,
ID_abdbf06f2,
ID_0e5045516,
ID_21e7babf0,
ID_0c20699ea,
ID_792e4f1cd,
ID_a656fccdb,
ID_f4d659fcb,
ID_92ec5be55,
ID_1b05904e5,
ID_6a871afe1,
ID_ba6fce113,
ID_df1490857,
ID_8d29fde7f,
ID_fcf986a88,
ID_013d86ee0,
ID_c058a42ab,
ID_8a700e979,
ID_2dc089af9,
ID_591112459,
ID_c51d85e54,
ID_dbf60dfc5,
ID_da3b93017,
ID_4294d970e,
ID_76dcd1edd,
ID_943847c7f,
ID_b6fc094fe,
ID_557c6c5de,
ID_3a5e220e3,
ID_bc9124bfe,
ID_fc9b5a6e1,
ID_7db44d9be,
ID_16aab1d89,
ID_8c084d7f6,
ID_339114eb7,
ID_e8723c233,
ID_7bbe292da,
ID_495ff3530,
ID_48602a335,
ID_379624f38,
ID_736039573,
ID_72938094a,
ID_6a0c5c492,
ID_90163c6fc,
ID_a89da0155,
ID_7e58a4fbc,
ID_382f81a03,
ID_9c7c63ef6,
ID_6e5160e49,
ID_b8c7f1528,
ID_945106827,
ID_33a9c063b,
ID_7c50cd565,
ID_cde0c9751,
ID_309e2f0ec,
ID_d9bc5fb99,
ID_a4fd2af82,
ID_5f80e220b,
ID_3582abc91,
ID_10bb22dd9,
ID_face71ff2,
ID_9c30b87d3,
ID_6be5c7389,
ID_4026f7ff5,
ID_0fd559699,
ID_48b831fc8,
ID_364b664d1,
ID_af013b46b,
ID_7a930c15c,
ID_66c99c8c1,
ID_f1b6e64bc,
ID_b855e2e3e,
ID_87f88f960,
ID_4060f8ce1,
ID_325090b78,
ID_b02c86f74,
ID_172b8feda,
ID_da31d59d1,
ID_ebebee917,
ID_c281da720,
ID_f4a8958c8,
ID_734fa72a0,
ID_ac3ee3543,
ID_444f213a3,
ID_c0a22e2f7,
ID_111097787,
ID_cb3ffca84,
ID_5ff8626ea,
ID_26dad1bbc,
ID_ed9e9506a,
ID_acd48d886,
ID_fa15aa1fb,
ID_808608a2a,
ID_b08cf032e,
ID_fe0726af4,
ID_e96f0618c,
ID_389d9906a,
ID_419d663da,
ID_ce57b1aee,
ID_cb3b5fd27,
ID_6c5c7861f,
ID_f644dde38,
ID_eb76856e2,
ID_534e32a20,
ID_28ded9985,
ID_35467ad85,
ID_5b68ced35,
ID_f74b5542c,
ID_a30719efd,
ID_45db1b5c8,
ID_a2d021901,
ID_cd94c24be,
ID_7c38a7d2a,
ID_d064238cb,
ID_37377a64b,
ID_4e9ead80d,
ID_d87c24c39,
ID_38ea118eb,
ID_61caba1c2,
ID_1617b5747,
ID_3bdec79fb,
ID_e58657262,
ID_1df0d6762,
ID_cabfea387,
ID_936dd479d,
ID_b12eecb27,
ID_8b523b14f,
ID_6598154fe,
ID_4e8d21463,
ID_a473e8596,
ID_ee90c4e99,
ID_804566775,
ID_5a24bdef4,
ID_1f725e1ea,
ID_46f5cda79,
ID_a97cc347c,
ID_959784dd9,
ID_cb9e06154,
ID_804b2e97a,
ID_8251270a1,
ID_ea454be2b,
ID_fdb4db3d3,
ID_65062eea3,
ID_f2ae796ae,
ID_fec5cbc1e,
ID_fba2c4fb8,
ID_6756c906d,
ID_b96214cf5,
ID_09fa8ab63,
ID_004317e79,
ID_670ddf738,
ID_3bfe74c71,
ID_6e016cf87,
ID_2dd59ee60,
ID_4fea22040,
ID_3dc9ec32e,
ID_57ff52a3f,
ID_a303907be,
ID_d2cecbe4d,
ID_01545e89a,
ID_40f5cad7c,
ID_b02f0033c,
ID_907762a30,
ID_a1545df60,
ID_a8a05b611,
ID_cfacf5cf1,
ID_e42aef935,
ID_af95f02ff,
ID_6df2f8ce7,
ID_07143bf91,
ID_64373d302,
ID_d024ac603,
ID_11705552d,
ID_7826c7275,
ID_55ca04d37,
ID_8bfe04325,
ID_438fa8add,
ID_72cc09477,
ID_51d7f24a3,
ID_60153d9e2,
ID_fbb0d8d56,
ID_09454a273,
ID_66d2ddb0c,
ID_b0db94b5e,
ID_39b605d37,
ID_431d8fd79,
ID_1d7e38359,
ID_b183b55dd,
ID_00953012a,
ID_99fe54eb1,
ID_0f8cb363e,
ID_ecfc834ef,
ID_611377382,
ID_4bcd41e36,
ID_2fa2fc793,
ID_ad5a49ff8,
ID_63cf7a9ea,
ID_ba0af9eb6,
ID_440f91186,
ID_4ddbbb0a3,
ID_0f703f609,
ID_58948d253,
ID_4277743c4,
ID_d50db6f75,
ID_0aeff8b37,
ID_716499a95,
ID_691f63030,
ID_b4fac80db,
ID_37f719b40,
ID_0c0556795,
ID_087f2a3e6,
ID_90b99dfc4,
ID_a290e49f6,
ID_fd327eda5,
ID_2f6cb2831,
ID_6afb114ca,
ID_a1c6ea118,
ID_fc0a4521d,
ID_03b9f25ed,
ID_2b2313133,
ID_6fa9b1041,
ID_d91f88b78,
ID_27a06de4e,
ID_5d47ed93a,
ID_9dc2757ab,
ID_870f6c6fc,
ID_54422a69d,
ID_98c884f58,
ID_48afb9035,
ID_44dbd766d,
ID_77c628427,
ID_7ca3033db,
ID_171f6a155,
ID_ccb8e65d7,
ID_a39d0e293,
ID_92cb530d0,
ID_8c06e4f34,
ID_e5d55f07e,
ID_01e6e5f61,
ID_d747f33c5,
ID_60da5e2fe,
ID_f5397cf26,
ID_f8f8494fd,
ID_0cce6dccf,
ID_691af1823,
ID_4762f93a8,
ID_f74016a79,
ID_a35829c01,
ID_8946db3b0,
ID_a24192756,
ID_825ea5fa0,
ID_bf0bc6e96,
ID_8c41d998f,
ID_53ba3cc0e,
ID_c2f3d7f26,
ID_9260b221e,
ID_d4bdfc121,
ID_c12975562,
ID_bb3a046ac,
ID_4a8ca2b1d,
ID_8f55c8eac,
ID_407f09af6,
ID_7674135e6,
ID_c3359ad1e,
ID_6bacc6d59,
ID_976aed64a,
ID_0a2bfdb9a,
ID_c2dd33a28,
ID_afe3da2d6,
ID_63fe3fe12,
ID_9a448a003,
ID_31648f487,
ID_992bb2856,
ID_29b217870,
ID_5f55b77e0,
ID_403426e8c,
ID_8b3b68fef,
ID_1237c9b36,
ID_bb47da0cb,
ID_13711a2f0,
ID_d76fc1c1b,
ID_4bd3cf5cb,
ID_09dcbed35,
ID_a2bf6c87f,
ID_5f1b9b863,
ID_844562038,
ID_6685877f9,
ID_56556bef9,
ID_a3c3f84ca,
ID_5bf531cf3,
ID_16ce4c335,
ID_12c2db5a6,
ID_bb2d927e7,
ID_f0619168a,
ID_fd33f6ce6,
ID_a31a23a08,
ID_91148c4da,
ID_8214bcbe1,
ID_f274e217a,
ID_ba23c72ed,
ID_c3207e7e7,
ID_b115fda4a,
ID_e6230af6b,
ID_365fdd90b,
ID_c79da4fac,
ID_823cf7102,
ID_429b0b0d8,
ID_a8e9534f6,
ID_330aa32cd,
ID_c72cf782f,
ID_455aec7ee,
ID_35ce2b891,
ID_03a172848,
ID_7d52ccf8d,
ID_ad80edb3a,
ID_9424d088e,
ID_17f1cf322,
ID_ad60837c5,
ID_3f656ca6d,
ID_671a0460f,
ID_68bd5e98c,
ID_e83340a93,
ID_e4c20ad87,
ID_44332e53f,
ID_f49c30b08,
ID_0959203a3,
ID_516be7301,
ID_70bad35bb,
ID_d6559d342,
ID_964fc3684,
ID_adff994c1,
ID_c52fdb94d,
ID_adfc67064,
ID_fe43db9a4,
ID_e25c4431b,
ID_fc665d150,
ID_4f6fbc500,
ID_d5b4d3b61,
ID_7ee822235,
ID_62cc61580,
ID_0d4607350,
ID_47027e377,
ID_283155e74,
ID_89832cca5,
ID_90863e720,
ID_fe6192b6f,
ID_fc52e405e,
ID_ec7bc7d9f,
ID_6c3f63711,
ID_d3553379c,
ID_2ad24a161,
ID_1185d1ac2,
ID_c4aa94f38,
ID_d89a69153,
ID_f5ca2b756,
ID_5c7a12bd9,
ID_820aeebac,
ID_24a0524e4,
ID_1a050c9a4,
ID_7fd8f1ea2,
ID_9ead77848,
ID_c852b234f,
ID_5d537a76b,
ID_1471e5b4e,
ID_ad6c71619,
ID_7e20381e4,
ID_62b5f21c2,
ID_221fd5a77,
ID_cdcfdd05e,
ID_8106fec48,
ID_09a5cd382,
ID_fe4be498c,
ID_6983d355e,
ID_6a41db187,
ID_84eca4095,
ID_28201f499,
ID_5ba1f9a06,
ID_4005559ba,
ID_34c75c09c,
ID_58dd12eab,
ID_fbc00b4be,
ID_5f0ac92e1,
ID_48c276cd2,
ID_fec6066ea,
ID_429b79cb8,
ID_a6d76c916,
ID_86ee8a4ad,
ID_4f7f35001,
ID_4f90bb1cd,
ID_4d4fcfee1,
ID_d118c9406,
ID_77034acc4,
ID_74637336d,
ID_df27a3d9f,
ID_c43bc50bf,
ID_3be754b96,
ID_55aecfdb3,
ID_4b15e1d26,
ID_e0dade8b7,
ID_a6ed522c4,
ID_9d71e4df1,
ID_70e099cbb,
ID_d0500b752,
ID_aa9ac58f0,
ID_ed7099f4a,
ID_82dd30987,
ID_fb66fca19,
ID_539f86a33,
ID_c24f9b62a,
ID_0e94bf0f1,
ID_8d54bc96e,
ID_1b57b2ae8,
ID_7d30a96a2,
ID_0f750096e,
ID_cc7fcc97c,
ID_004929246,
ID_8f62397d2,
ID_38cc750be,
ID_0be37a712,
ID_96b03c14f,
ID_8f650df12,
ID_749dd81be,
ID_eef259b88,
ID_0dc2e8398,
ID_01f684f60,
ID_b516248f9,
ID_3530aa1e3,
ID_56490ecde,
ID_637187fa7,
ID_5536745f7,
ID_b185c63d9,
ID_946516fee,
ID_7c632875b,
ID_5aa151a8e,
ID_1d93f3aec,
ID_5a9ecd61c,
ID_425525a94,
ID_e83dd7c22,
ID_9d15b8018,
ID_6066f0b19,
ID_07dd270a2,
ID_8911fe487,
ID_762c5ad33,
ID_cb0fab83e,
ID_1a98bddaf,
ID_eb6f8b9ad,
ID_f86051ab9,
ID_07bfb48c8,
ID_a02d396e1,
ID_56aa45356,
ID_95749b42d,
ID_b8696f11f,
ID_6bef34bc5,
ID_2642d15c4,
ID_bbb876c0c,
ID_208fdb4f1,
ID_b6a8342f5,
ID_0da296db9,
ID_bf3fda403,
ID_7ea33059b,
ID_9a3ad7548,
ID_0de1c84bf,
ID_7b3f20528,
ID_43b9f671e,
ID_4e6e8988c,
ID_119e86054,
ID_ba9cebfed,
ID_17b7c91d1,
ID_a10af874b,
ID_2e24dd0ea,
ID_21182392b,
ID_60053d9f1,
ID_0a65a870b,
ID_db02df321,
ID_32ef9d037,
ID_0eb19ef56,
ID_53f99277d,
ID_67d1a02d3,
ID_b4173be9d,
ID_eba36bfa3,
ID_ff0581194,
ID_2857b8ea6,
ID_9378a4e3a,
ID_2eef26c90,
ID_436e63df9,
ID_ca5547f69,
ID_fa3aa6fd1,
ID_3dc4f675f,
ID_eac0913ae,
ID_0b29affda,
ID_a60789000,
ID_a79911de6,
ID_2db9374f6,
ID_1507d7fed,
ID_d66dd550e,
ID_42029811a,
ID_4dfabddb8,
ID_cc59c85b0,
ID_fac3e4d9b,
ID_dcf377724,
ID_2926e5057,
ID_ad9c6dfef,
ID_9609909b4,
ID_56b71ceb1,
ID_5a026eee4,
ID_5e0346b07,
ID_4f6c7febb,
ID_4fcec0f22,
ID_d13a289c5,
ID_68cac1a08,
ID_ff59071ee,
ID_f1c847bb8,
ID_003124d34,
ID_066206363,
ID_c13089a9f,
ID_3efc45e8d,
ID_8b12b8a6d,
ID_d717094d5,
ID_ec91c502b,
ID_532b9ab6a,
ID_e0af35c70,
ID_27864489f,
ID_0cf32c30b,
ID_487b02459,
ID_9070c36da,
ID_33b7f5ebf,
ID_69f7ed595,
ID_141c2d5b0,
ID_68ea93a4f,
ID_16f53c320,
ID_d7e6c30db,
ID_73dd6c2c2,
ID_b1f159797,
ID_ab7e62be2,
ID_8ab6ab023,
ID_31774a362,
ID_2eeeeefdd,
ID_c07573fac,
ID_2544adab9,
ID_fccba8320,
ID_824c5508b,
ID_b3cde2907,
ID_d39b79a4a,
ID_2a722d033,
ID_a9c706793,
ID_9c7230d03,
ID_4e2299ca1,
ID_5d81aa61f,
ID_a6531c888,
ID_8ccffa2d4,
ID_d3db7508c,
ID_739748c51,
ID_d98d5aab5,
ID_2ba1df0d1,
ID_1d7bc9b31,
ID_cf0d600dc,
ID_77d476920,
ID_c7d8f9e70,
ID_d12bc2971,
ID_2db7f483c,
ID_aa1f3b2a8,
ID_0f891f5da,
ID_cdd4cd343,
ID_18df29518,
ID_d689b6be3,
ID_535632864,
ID_02be9b28f,
ID_3b8e0cebf,
ID_9ca0fe74c,
ID_ecd102ba2,
ID_39ac05831,
ID_6d83418d9,
ID_6007054a3,
ID_e745e866e,
ID_335eb3614,
ID_fbc5f5337,
ID_82eb7363f,
ID_f74dcaa3d,
ID_7a3c3d759,
ID_ba7472077,
ID_f49fe9785,
ID_b5d2312fa,
ID_67cfe71de,
ID_3472077f4,
ID_141add734,
ID_dd7c3f651,
ID_166abd5bd,
ID_004969cd0,
ID_970b55d04,
ID_c97b9c7da,
ID_b832b9342,
ID_579f08a7c,
ID_18d30e4b0,
ID_e00335803,
ID_1b2a2972f,
ID_b631bd0d0,
ID_913bc2780,
ID_dd217041d,
ID_5dd35b34d,
ID_e88a8e773,
ID_147b6fa78,
ID_eb6277bc4,
ID_3805aad9c,
ID_d35b1592f,
ID_7f2b823bf,
ID_1bc9a969a,
ID_71ecf3475,
ID_ebbcc7b0d,
ID_3ea32eddd,
ID_f2cf1f092,
ID_c58716272,
ID_7a2ba4d42,
ID_8616bcf80,
ID_22e133dfb,
ID_7104008f0,
ID_0cd272a2b,
ID_e20b6f2fa,
ID_7a31370db,
ID_ad46c5909,
ID_9829675b2,
ID_b60865ec2,
ID_4437744b8,
ID_844675dfd,
ID_1431618c0,
ID_413791500,
ID_e6c722f30,
ID_15429aa8c,
ID_83e122062,
ID_3be952634,
ID_d861cd331,
ID_a3ab400e1,
ID_4ee22138a,
ID_668de12ed,
ID_49baa54f6,
ID_14712350f,
ID_1feb298a3,
ID_d7c6457c7,
ID_4df76d40d,
ID_5784e6016,
ID_8ebac9076,
ID_b42cbe4d1,
ID_7b94df971,
ID_690debd8c,
ID_695bb34fb,
ID_fceae5248,
ID_c6f55ae83,
ID_6896f4e1c,
ID_1f7b35f70,
ID_a96ca371b,
ID_67d5d5b3d,
ID_6efcab358,
ID_a74830061,
ID_746a6c4b1,
ID_b27342358,
ID_059762984,
ID_dcf9bade5,
ID_03ee41a26,
ID_c0350d6c9,
ID_b220dbd99,
ID_d6de55a2f,
ID_9a5d86760,
ID_9ceaa2eaf,
ID_5df5ba264,
ID_a1d73f5d5,
ID_7c282ea36,
ID_331eeb8d3,
ID_f13d97bc5,
ID_f7e1634f2,
ID_cd28a4571,
ID_bb38cd962,
ID_98ecc2685,
ID_a7b9e45b6,
ID_9d92737cf,
ID_0b7ce0c9b,
ID_734e5b0d0,
ID_b87b9d6ca,
ID_6bb055c8d,
ID_6071a72aa,
ID_47921e3ee,
ID_bdbb40970,
ID_104fe076f,
ID_eebac15d2,
ID_42870d43f,
ID_20bf412f6,
ID_0855ff446,
ID_6aa3a09ef,
ID_44941e691,
ID_1b51359a6,
ID_39da1315e,
ID_f64a00c44,
ID_4ed1b8dae,
ID_8938b9861,
ID_b23872bce,
ID_4445bb25a,
ID_03c31fd17,
ID_f8e6380ca,
ID_3ac723535,
ID_609643d98,
ID_e2b51eb8d,
ID_20e0a0074,
ID_547b5cc2b,
ID_85d9c28c1,
ID_7df234fe6,
ID_a9899c395,
ID_68c414f42,
ID_9f7a28def,
ID_38aaf4faa,
ID_ea614fe85,
ID_a10d20664,
ID_ccec471ef,
ID_b753e614d,
ID_53bf05ad0,
ID_4f5062dee,
ID_ba2289992,
ID_5a45ed15f,
ID_f10c72eef,
ID_8bed52e75,
ID_72c95cbd3,
ID_270fbd83a,
ID_b0d19422b,
ID_2166109a9,
ID_4660cd23e,
ID_6efc61a86,
ID_7a10cfdca,
ID_0959d9b87,
ID_48a97fa26,
ID_dc9b18fc6,
ID_87931b57d,
ID_7f63da06e,
ID_4478511f2,
ID_73057805c,
ID_6a5bec7af,
ID_dc82b5941,
ID_0d6122174,
ID_c235860c0,
ID_08d853358,
ID_8a529aea5,
ID_04d2d3981,
ID_2eeb7ed3f,
ID_ca0abe04b,
ID_12b08e569,
ID_d05c03241,
ID_97c924f63,
ID_a30015120,
ID_f0a054bd8,
ID_ef6e3c696,
ID_caae8cb40,
ID_df338575b,
ID_349fe3d94,
ID_9c18cdaa1,
ID_a5204accf,
ID_df7072e30,
ID_53102e157,
ID_1322b1753,
ID_eee6ca8ec,
ID_dabe14beb,
ID_07aea50a4,
ID_9053655f8,
ID_eb97db858,
ID_9ee9351a7,
ID_341089a99,
ID_f7f772335,
ID_e6ac1c9e3,
ID_0e468ee81,
ID_65bfb5e46,
ID_dd0f5bc25,
ID_d70c2088e,
ID_d07d3c752,
ID_ab6b49907,
ID_fb77eef2b,
ID_3ef654657,
ID_a7ccd4450,
ID_ae093778b,
ID_2c40ef6e2,
ID_52644fa13,
ID_3ba7e9f78,
ID_9505949ea,
ID_949329d01,
ID_89aad9261,
ID_6d702dc9f,
ID_9fafc96db,
ID_b3cff293d,
ID_0ed81a8ee,
ID_90fa51829,
ID_eadf03d99,
ID_a8bfe8016,
ID_5247c397b,
ID_f415ee119,
ID_1c33c4e2a,
ID_30b773942,
ID_7d62bee80,
ID_75954b7a5,
ID_8af815627,
ID_7dd6a92f5,
ID_d7a2d7e75,
ID_0542e3040,
ID_bcb8df351,
ID_9b032e9e6,
ID_e9db0d2f4,
ID_0d1954289,
ID_185e1a953,
ID_c57b03c9a,
ID_e6d65a781,
ID_55d50bf6d,
ID_0a8b71767,
ID_ff5ea7211,
ID_17a344643,
ID_4d11cd24b,
ID_8f6ba6895,
ID_400b94e45,
ID_4be9d0441,
ID_51e991047,
ID_bc9b24657,
ID_e5814e6b0,
ID_9bd490d53,
ID_95ad3219a,
ID_e78fe6caa,
ID_09d9753f2,
ID_bea522bbd,
ID_f2d98d526,
ID_881726257,
ID_1b93c9aa9,
ID_8b6cb954c,
ID_de60c09a1,
ID_452ececbf,
ID_9f7e82ce3,
ID_0003b03e8,
ID_8ea1f3488,
ID_2ef44ebcd,
ID_693cb6193,
ID_e10b864a3,
ID_4051e4f23,
ID_7d8745794,
ID_d8d1ea45b,
ID_07c114b1f,
ID_dc1355d53,
ID_7953ed4a1,
ID_5c69d6fe1,
ID_99ab41f69,
ID_87b771912,
ID_dfc059d13,
ID_5bc35f39a,
ID_a30d2ba15,
ID_e78c2f948,
ID_261410760,
ID_ee51c5bad,
ID_37304646b,
ID_5d0ea0e27,
ID_f4bbb510c,
ID_b3d2638e3,
ID_497bb9259,
ID_4fb2d0511,
ID_ea612e6c5,
ID_a015f7591,
ID_20a2ab836,
ID_6be9a296c,
ID_ca1af0b06,
ID_b0f19bb62,
ID_1ffbd81d4,
ID_9a6478004,
ID_686018867,
ID_4d2d3b049,
ID_55e644e12,
ID_ca20646c5,
ID_45623f782,
ID_15451332c,
ID_9bfae9987,
ID_83a4f976e,
ID_686952790,
ID_f36fc796c,
ID_4b930d56c,
ID_ccf8b970d,
ID_74e0d9ac1,
ID_00e05993e,
ID_d5fb3aba6,
ID_0ebf9cbc3,
ID_4f9a92b8d,
ID_b8a5193c2,
ID_726d08070,
ID_1567099c3,
ID_45697b5c7,
ID_59eb2f512,
ID_99ce0de50,
ID_dba159914,
ID_6219c3ec5,
ID_cc5f70ecf,
ID_22028c9fb,
ID_24a2e681e,
ID_673faa07e,
ID_4ee28a8a2,
ID_762f498e0,
ID_497cc53e4,
ID_c39481108,
ID_cb1ae9d7a,
ID_7f018cf48,
ID_e19b4e28b,
ID_fc6dd971a,
ID_ff802d9f5,
ID_0a2c7cb83,
ID_c61ec10d2,
ID_da98395cc,
ID_107f0fc9a,
ID_5340b4b42,
ID_a68ad2276,
ID_e7dc7478e,
ID_7bd74d61f,
ID_d682cf67f,
ID_3b1197a20,
ID_eb818fb84,
ID_806093a7f,
ID_ae3601ba3,
ID_0c8a9191b,
ID_e90ebe03a,
ID_0efb26ca9,
ID_bf1874e2d,
ID_1944729f3,
ID_7b6b0facd,
ID_a731f41cb,
ID_7c606e4fb,
ID_25cfa9021,
ID_8f132d8f4,
ID_20d1b4ff4,
ID_04095ae6d,
ID_860a54541,
ID_198f2d7f6,
ID_fd66b6f3e,
ID_721f2d5e5,
ID_9d4f14845,
ID_78e06b859,
ID_1a4752f2b,
ID_89ec82c0b,
ID_75e07e1d0,
ID_7ff212ecd,
ID_5ec71ec85,
ID_088a658a4,
ID_5cf09f5b5,
ID_0513c5eb7,
ID_71029fb26,
ID_f45611544,
ID_69923bebb,
ID_ce85778b4,
ID_77f88d644,
ID_aee1fe4f8,
ID_5e984034e,
ID_83d0e67c3,
ID_6dc4db4c3,
ID_71acb957b,
ID_9a0af2430,
ID_556616008,
ID_fbe93c973,
ID_ec48d9917,
ID_fab62a2d6,
ID_1ec73622e,
ID_e0f49a3e2,
ID_a2578a96b,
ID_b05d34744,
ID_2dcfeb2d8,
ID_f9c21a4e3,
ID_702d8950f,
ID_bfd83374c,
ID_d6d44cd2d,
ID_07face5cc,
ID_78b62250f,
ID_61ea800de,
ID_f662980fe,
ID_28113efb9,
ID_1ee08c70e,
ID_7693a8efa,
ID_3e3e26466,
ID_cb5b99c00,
ID_de733a2f3,
ID_c7af45b69,
ID_f9823c567,
ID_1129b2d03,
ID_6c9790be6,
ID_4035eb136,
ID_0d485bb14,
ID_62ed436f7,
ID_54b3d5a2e,
ID_13c66681f,
ID_aa339f2c6,
ID_08d6b1464,
ID_214afd027,
ID_6cf4fe617,
ID_9086e1d64,
ID_a308a3c6f,
ID_1cb361b29,
ID_e4386e64b,
ID_5d68618aa,
ID_01e2b8b2e,
ID_419fd68d0,
ID_1735dfe9f,
ID_20258d71b,
ID_75d5df09f,
ID_76c862d7c,
ID_c1e946be3,
ID_cfba4984c,
ID_d070636d0,
ID_b61889676,
ID_070336f87,
ID_b2eadb089,
ID_3410bcfd6,
ID_0b87c56d1,
ID_d943d1083,
ID_bf9c30a62,
ID_f0b70145b,
ID_7a33c7b73,
ID_d62f03eba,
ID_73fa34d89,
ID_3abfc5331,
ID_be741edcf,
ID_1a4fa57bb,
ID_9656eb273,
ID_7dba954ce,
ID_6a4687cf5,
ID_f39128759,
ID_339145940,
ID_6ae2b25af,
ID_f02154a7b,
ID_bccb7edee,
ID_d43788d17,
ID_5c2fa9dd4,
ID_e82965d4e,
ID_ee349e637,
ID_7ee434389,
ID_4ff1d7616,
ID_1f3a6f869,
ID_605f96c02,
ID_df4f7965b,
ID_dda9f0184,
ID_875d60caa,
ID_56d517868,
ID_76cc7da6c,
ID_6019e29a9,
ID_5f97233c2,
ID_4c425cf3b,
ID_dcc5ce334,
ID_44e441e45,
ID_2c993f7bf,
ID_012a23c37,
ID_40d439bca,
ID_eff8ebc60,
ID_cf34887e2,
ID_e491e4379,
ID_610a56c9c,
ID_0f1f9d5e4,
ID_8a8d940ed,
ID_ca82701ea,
ID_78894345d,
ID_8f92eb222,
ID_a48d8feb9,
ID_66a9029d4,
ID_a6b28e182,
ID_92e4af028,
ID_3ba85e9d7,
ID_b1a42494b,
ID_e0856be4d,
ID_e14f2469e,
ID_d4590d2a9,
ID_083b934eb,
ID_2fee670a1,
ID_74252a583,
ID_8b28ec4f9,
ID_fa0e3eb1b,
ID_d42f97fc3,
ID_c9a2f4f87,
ID_60683494f,
ID_bd140cebe,
ID_dc15cce5a,
ID_a3a8fc43d,
ID_b66e13e2e,
ID_3732101b9,
ID_98f6fed69,
ID_2d179da64,
ID_3970b0062,
ID_9c6e0fa8f,
ID_95ebe1636,
ID_a1f6b2e24,
ID_d765606f4,
ID_c7fcfa31b,
ID_807b7ee33,
ID_e08a900d4,
ID_eae9a0631,
ID_3051cec91,
ID_294e421ce,
ID_f5e6b39dc,
ID_235a0c5cb,
ID_5941fa5d4,
ID_f9c6e4522,
ID_ed937d7d6,
ID_7f56a1b6c,
ID_a0366e0fc,
ID_d9a84d7bc,
ID_13c93bb05,
ID_7b6e1aa73,
ID_c86bec215,
ID_a5a78ce69,
ID_2d9c98318,
ID_02ffb2550,
ID_1232dd19f,
ID_bb0077750,
ID_dbc728526,
ID_3e9cd5fc3,
ID_649e41c03,
ID_000372ced,
ID_bd346a18f,
ID_ea3a27752,
ID_9ff7e727d,
ID_5844bb1b6,
ID_c13a04a02,
ID_9366b13c2,
ID_834f36d02,
ID_9d5d8368e,
ID_55e70f7c8,
ID_54ca1d92a,
ID_d04b334e7,
ID_893fef46d,
ID_310b5aebc,
ID_ac4cac8fe,
ID_60c3db66f,
ID_5d73de275,
ID_c01216287,
ID_e42dcbb5d,
ID_609259f40,
ID_de9cff927,
ID_b65fb32da,
ID_0aa8f8389,
ID_0feea9882,
ID_99718e467,
ID_765629028,
ID_3d508aeb8,
ID_580704686,
ID_2e157fbbe,
ID_df097e4f9,
ID_54d8daf1f,
ID_d94a68698,
ID_3c89a273b,
ID_1ee0582f0,
ID_d7779ce39,
ID_62f6ee599,
ID_2ab5c8747,
ID_d0b5ac170,
ID_785cc2201,
ID_25579d9f7,
ID_34a4bf84a,
ID_865d66137,
ID_87bde62ad,
ID_4a7485f9b,
ID_f3970bf05,
ID_95cf0a080,
ID_4e80e345a,
ID_ca20b75f7,
ID_ac7059856,
ID_c2a42893d,
ID_44c617c33,
ID_a67384d7f,
ID_fef0285a4,
ID_a3ba7edb3,
ID_659ce3f4d,
ID_533535487,
ID_87945b267,
ID_7e909557c,
ID_6ab75538d,
ID_c38e2e647,
ID_95dc6aff2,
ID_f9484b860,
ID_56052aca4,
ID_4013f9206,
ID_91952dda4,
ID_738061af7,
ID_be11583f1,
ID_8b84a40e3,
ID_39d4a20b2,
ID_1ac23dc28,
ID_ff90a8c43,
ID_9df45f42c,
ID_469401110,
ID_65218153c,
ID_fa8f14e2c,
ID_7ee7bdd6d,
ID_8113f10d3,
ID_a34e8f8bf,
ID_ae41e5ef2,
ID_5998d3700,
ID_e8288ae52,
ID_175ce7137,
ID_d937fa9d4,
ID_dd4288cac,
ID_95db5c560,
ID_fff387961,
ID_8b1981f77,
ID_edfe1c616,
ID_e6a0c4b92,
ID_bf330fd5c,
ID_e8c4a2773,
ID_96c17bd0e,
ID_ea603fcaa,
ID_7c3cac976,
ID_f42247845,
ID_bf2a861fd,
ID_874ac29d4,
ID_abdcf97f2,
ID_98226ec93,
ID_79d70e41d,
ID_4876f23f2,
ID_d002910aa,
ID_53fbd40cf,
ID_d2617ce65,
ID_da24ed46f,
ID_5acf8849e,
ID_7db2aee6a,
ID_dde8e4947,
ID_26a151bc2,
ID_d7cacc444,
ID_322087612,
ID_81491060d,
ID_49c4b963c,
ID_e3da9a6a0,
ID_34da5bfe3,
ID_efe4dceea,
ID_218035e22,
ID_7cb9d50e9,
ID_4b27d3343,
ID_2009611e4,
ID_85788043a,
ID_4b8f96a5c,
ID_080ddeae4,
ID_73094e19c,
ID_3ca67e8c8,
ID_bfe635d98,
ID_9042648d3,
ID_ef5c4222d,
ID_07a9fd761,
ID_d6f3d6c41,
ID_1bfc2b2c9,
ID_5314af842,
ID_83f11c711,
ID_de1f7dc9a,
ID_09bc603fa,
ID_35a51df0c,
ID_00a798026,
ID_ce8e905fb,
ID_a5028c14b,
ID_207406d19,
ID_3c61e369f,
ID_0b8ba0a6d,
ID_2499776ce,
ID_3b55eb523,
ID_7897c404e,
ID_1a0827926,
ID_fab569f6e,
ID_926c1eeec,
ID_03aad31c3,
ID_cc2578876,
ID_cec7c68bc,
ID_26ec13134,
ID_16bce4625,
ID_fdb5ce2ce,
ID_dc489265f,
ID_551290921,
ID_7f2d38497,
ID_77c57414e,
ID_1f642cf54,
ID_5de8836e1,
ID_6942cc4da,
ID_299ba85ba,
ID_79f45f0e0,
ID_17c457c03,
ID_d050c91d7,
ID_acdc7b47a,
ID_c8ada24c5,
ID_6de008ff0,
ID_37e6c1b2a,
ID_f2ea3c06b,
ID_a5f015e10,
ID_6aa8631ce,
ID_31c46ddec,
ID_f5d616d99,
ID_c7025f3cd,
ID_c8bde8b34,
ID_c737cca92,
ID_f7c719dde,
ID_047356f83,
ID_eb33e71d6,
ID_bf0a19bdc,
ID_62664e32d,
ID_a9e10ad00,
ID_d8554cdf9,
ID_0b3dc519b,
ID_0d5fe2dbb,
ID_c33ff7b1f,
ID_c0d3c3d4a,
ID_4f8628639,
ID_ae0848566,
ID_edbd092b8,
ID_6632bd70b,
ID_7b2d0c788,
ID_d7a8919b0,
ID_9f7897f56,
ID_1a45ed767,
ID_4aefef7cf,
ID_d644bd2d9,
ID_739eb7a7a,
ID_7fe6f71ba,
ID_0c928193a,
ID_f76ce5f20,
ID_87ae3ff18,
ID_cd3910e5c,
ID_2aa453e0f,
ID_c227b9ef4,
ID_b82db9a94,
ID_630bf2df5,
ID_7f8357f22,
ID_85edeb950,
ID_1e4884d91,
ID_c6e583200,
ID_5872d2d1a,
ID_c41ff1660,
ID_e95c604f2,
ID_cf459642b,
ID_898efa964,
ID_2ed1703fa,
ID_c16b15511,
ID_bf83fde9f,
ID_653527450,
ID_1e8a0688b,
ID_555e3b821,
ID_ea534367d,
ID_cf4bb0204,
ID_f8fd4c83f,
ID_3e018641a,
ID_b949acca3,
ID_f6efd39fa,
ID_64758af28,
ID_9a340aeb8,
ID_fafe791a9,
ID_06275a4b2,
ID_7188ce409,
ID_77c9704d3,
ID_9156f090a,
ID_dd3c7a058,
ID_92a3f70d7,
ID_d82631bdb,
ID_e5862efab,
ID_7196e03c2,
ID_27d10bdae,
ID_368f5748a,
ID_ad1bd0271,
ID_7e14a9dea,
ID_caeea5bb2,
ID_a50e9817d,
ID_911b03510,
ID_0da6a07cb,
ID_c3f7da244,
ID_4899e6abf,
ID_7cbbf735a,
ID_3bc797761,
ID_3557919da,
ID_9d4e9f7d9,
ID_01142c704,
ID_80871f459,
ID_a8af4e8af,
ID_8a46d4ff9,
ID_48408b9d6,
ID_46071a343,
ID_1b8cdd0ce,
ID_001c3cc69,
ID_627d041d5,
ID_d74993adf,
ID_21151b1ef,
ID_7f820c57c,
ID_0e9c7c4ad,
ID_974ecdf21,
ID_471e80962,
ID_a619156bd,
ID_07648565e,
ID_1f98c8182,
ID_27a131bf0,
ID_4811592fb,
ID_ad0107c7a,
ID_d32b222f5,
ID_5a945144c,
ID_f53239fac,
ID_7a67fa478,
ID_a11705e32,
ID_81643778b,
ID_47826f703,
ID_4496bb18b,
ID_254fd4fd8,
ID_e580ca1df,
ID_4d9c2171b,
ID_63dee5601,
ID_8ce64eb31,
ID_1666b32b8,
ID_e45241b18,
ID_53cd07e4b,
ID_2937dd676,
ID_286e44f66,
ID_756e64a59,
ID_8cb14d77e,
ID_32d817cdf,
ID_417c55f99,
ID_f40798c32,
ID_35d9dbf39,
ID_416701d33,
ID_408eea044,
ID_be77fd64f,
ID_12856b1c0,
ID_870f75977,
ID_ccf440d21,
ID_a8157f2e6,
ID_5df525540,
ID_e1eba273c,
ID_88cda7dd1,
ID_141e4646d,
ID_08a42e996,
ID_48477f556,
ID_7057733c7,
ID_f08b11dc2,
ID_f2486a24c,
ID_f776f8b07,
ID_2d274a6ea,
ID_9c7a9bb0e,
ID_81cbd3460,
ID_4756c87de,
ID_a0f90fc47,
ID_9df7f66f6,
ID_e5ccf73c0,
ID_32d502d83,
ID_89b9e4ac1,
ID_78a5ea8b2,
ID_d3a5aa138,
ID_539eb2a21,
ID_c3ab1a187,
ID_f16f1ffa4,
ID_64da2252e,
ID_01ffb2055,
ID_e5f44f45b,
ID_d941d4e33,
ID_471fc849c,
ID_2d2c3fe25,
ID_84323688f,
ID_cfd010e06,
ID_08fe37c81,
ID_e4ee525f0,
ID_0b83b47d2,
ID_dc0112c8d,
ID_8fcee28ff,
ID_882ad3724,
ID_7b3632c21,
ID_159de8b5c,
ID_f73cee44d,
ID_a0524a3be,
ID_87eeff503,
ID_818cd085b,
ID_54b57bcff,
ID_2d066f3fe,
ID_c0b221a3c,
ID_1041a3f4d,
ID_47b3e7ebf,
ID_d440c7f31,
ID_37c829ecc,
ID_59f322019,
ID_c88c8a615,
ID_0bb480f15,
ID_c2da16b47,
ID_1107be4d5,
ID_e53accb5a,
ID_c7e84351b,
ID_025120f77,
ID_571139777,
ID_f956b2866,
ID_58793af8f,
ID_9770a318d,
ID_d2456405e,
ID_ef3988785,
ID_7ac4d15b6,
ID_47f1645ad,
ID_80171768f,
ID_31b9449e1,
ID_8dc199598,
ID_0458771fd,
ID_988130347,
ID_798da3cc2,
ID_32c1133c3,
ID_4a4ab924f,
ID_15add823b,
ID_512a52d7c,
ID_468ffef8f,
ID_7a1a5f9e5,
ID_5edde1776,
ID_46f0b3cc3,
ID_468b316b3,
ID_a825a5878,
ID_5ba98eae0,
ID_eb40b564e,
ID_bbe017172,
ID_ab948a822,
ID_6804bbd09,
ID_0bfb67d04,
ID_e55bd3596,
ID_fa5824bd3,
ID_5d8f7d092,
ID_6ddb1b822,
ID_a12a2da86,
ID_ef81a1665,
ID_abbd13e0a,
ID_86e3c4fb6,
ID_385886603,
ID_44740963f,
ID_984444dff,
ID_cee2af577,
ID_3d337cab1,
ID_be6cefc55,
ID_42ff73b0f,
ID_4331e8c9e,
ID_d84ce77e4,
ID_691890bc5,
ID_ccd67a273,
ID_4927bd0b5,
ID_970748ad8,
ID_048363b25,
ID_ea29783ac,
ID_19816c9e5,
ID_230edce60,
ID_ece11d5ec,
ID_448159c79,
ID_69a9530d2,
ID_10d8500f6,
ID_c3ed19946,
ID_268908e2c,
ID_a9638e1bc,
ID_a9fda89f2,
ID_bd59f88ae,
ID_9eb704438,
ID_e00f0d8b8,
ID_69bd814ec,
ID_7a3dba583,
ID_14eeaffac,
ID_ef888c555,
ID_c56ab81cd,
ID_d29552df0,
ID_2866460c9,
ID_059439a2f,
ID_9e495a2de,
ID_8e217493f,
ID_90b879edb,
ID_0d6b5681f,
ID_39923f00a,
ID_d0e3e2e2b,
ID_b84c97d23,
ID_809da36d7,
ID_7bdf4be87,
ID_97aa6e32b,
ID_d959d6a90,
ID_2e07c51ae,
ID_8d63ecef6,
ID_c60214cee,
ID_ff99f8c4b,
ID_cd39edcb7,
ID_b331790cc,
ID_167c6d29a,
ID_a2dd063fe,
ID_0a5908893,
ID_30f38ce51,
ID_4e16a81ba,
ID_dc61b4ca6,
ID_fcb0e50a9,
ID_1ae5d76da,
ID_70b3578fe,
ID_a4c4556f0,
ID_db69b146f,
ID_70f9d5048,
ID_a6fb0dd5e,
ID_8f853c786,
ID_81cefb6ee,
ID_2db972715,
ID_bc157e6a1,
ID_51ca8a295,
ID_34475217a,
ID_d29d3b166,
ID_e738946d4,
ID_1b8fc56d7,
ID_8b1351478,
ID_949461e5a,
ID_0a973b163,
ID_6a3507be6,
ID_b2a193f29,
ID_d72191b84,
ID_6c7a8ecbb,
ID_d8fc383c1,
ID_eda9048a5,
ID_4884bd9f8,
ID_a6b9ad41b,
ID_b8cf25017,
ID_926bcb8fe,
ID_e9283d6c6,
ID_00430e015,
ID_7c6f9c811,
ID_a36374d4f,
ID_998f76276,
ID_427dfeea1,
ID_94b297779,
ID_53514d85d,
